MC,NC,KC,GFLOPS
32,32,16,1042.32
32,32,32,1314.42
32,32,48,1122.79
32,32,64,1446.36
32,32,80,1433.99
32,32,96,1122.37
32,32,112,1521.58
32,32,128,1536.9
32,32,144,1191.84
32,32,160,1553.96
32,32,176,1556.65
32,32,192,1161.72
32,32,208,1567.16
32,32,224,1577.48
32,32,240,1124.49
32,32,256,1582.42
32,32,272,1453.28
32,32,288,1217.15
32,32,304,1577.06
32,32,320,1550.84
32,32,336,1130.68
32,32,352,1594.54
32,32,368,1171.67
32,32,384,1121.69
32,32,400,1247.11
32,32,416,1134.09
32,32,432,1562.09
32,32,448,1588.46
32,32,464,1344.33
32,32,480,1209.97
32,32,496,1218.41
32,32,512,1607.34
32,32,528,1561.73
32,32,544,1279.84
32,32,560,1607.2
32,32,576,1275.78
32,32,592,1256.18
32,32,608,1611.8
32,32,624,1613.84
32,32,640,1040.98
32,32,656,1617.01
32,32,672,1588.46
32,32,688,1291.6
32,32,704,1615.57
32,32,720,1602.68
32,32,736,1259.19
32,32,752,1619.14
32,32,768,1605.29
32,32,784,1182.43
32,32,800,1612.26
32,32,816,1619.17
32,32,832,1182.29
32,32,848,1615.26
32,32,864,1611.68
32,32,880,1105.09
32,32,896,1622.41
32,32,912,1609.47
32,32,928,1200.67
32,32,944,1622.2
32,32,960,1624.4
32,32,976,1586.7
32,32,992,1220.72
32,32,1008,1516.46
64,64,16,720.872
64,64,32,1271.1
64,64,48,1396.09
64,64,64,1223.64
64,64,80,1504.11
64,64,96,1501.21
64,64,112,1171.95
64,64,128,1575.75
64,64,144,1565.03
64,64,160,1307.12
64,64,176,1611.27
64,64,192,1415.55
64,64,208,1285.16
64,64,224,1621.58
64,64,240,1539.57
64,64,256,1244.83
64,64,272,1639.59
64,64,288,1625.74
64,64,304,1127.83
64,64,320,1618.81
64,64,336,1515.22
64,64,352,1273.0
64,64,368,1650.58
64,64,384,1611.79
64,64,400,1127.43
64,64,416,1657.84
64,64,432,1655.3
64,64,448,1132.82
64,64,464,1665.07
64,64,480,1653.27
64,64,496,1180.48
64,64,512,1654.54
64,64,528,1371.61
64,64,544,1289.13
64,64,560,1673.77
64,64,576,1664.16
64,64,592,1211.29
64,64,608,1667.94
64,64,624,1664.99
64,64,640,1126.68
64,64,656,1675.88
64,64,672,1657.76
64,64,688,1119.43
64,64,704,1683.91
64,64,720,1680.44
64,64,736,1240.1
64,64,752,1661.13
64,64,768,1650.73
64,64,784,1266.91
64,64,800,1678.35
64,64,816,1328.23
64,64,832,1133.08
64,64,848,1679.58
64,64,864,1648.46
64,64,880,1268.21
64,64,896,1684.55
64,64,912,1605.13
64,64,928,1302.8
64,64,944,1683.31
64,64,960,1534.91
64,64,976,1317.53
64,64,992,1678.37
64,64,1008,1560.39
96,96,16,926.802
96,96,32,1336.84
96,96,48,1421.92
96,96,64,1236.77
96,96,80,1548.74
96,96,96,1554.51
96,96,112,1242.1
96,96,128,1598.92
96,96,144,1283.65
96,96,160,1291.34
96,96,176,1610.9
96,96,192,1647.74
96,96,208,1251.99
96,96,224,1623.29
96,96,240,1308.59
96,96,256,1086.73
96,96,272,1633.3
96,96,288,1293.34
96,96,304,1199.13
96,96,320,1655.16
96,96,336,1643.87
96,96,352,1289.84
96,96,368,1672.64
96,96,384,1637.61
96,96,400,1087.12
96,96,416,1658.49
96,96,432,1615.9
96,96,448,1331.73
96,96,464,1659.82
96,96,480,1618.41
96,96,496,1207.57
96,96,512,1646.05
96,96,528,1652.67
96,96,544,1279.0
96,96,560,1690.02
96,96,576,1645.49
96,96,592,1096.0
96,96,608,1688.96
96,96,624,1404.0
96,96,640,1166.74
96,96,656,1663.05
96,96,672,1577.85
96,96,688,1111.8
96,96,704,1657.48
96,96,720,1662.4
96,96,736,1239.37
96,96,752,1675.56
96,96,768,1549.28
96,96,784,1386.09
96,96,800,1668.04
96,96,816,1673.29
96,96,832,1331.41
96,96,848,1221.9
96,96,864,1645.86
96,96,880,1128.87
96,96,896,1674.0
96,96,912,1654.79
96,96,928,1257.98
96,96,944,1666.23
96,96,960,1677.35
96,96,976,1129.22
96,96,992,1682.51
96,96,1008,1514.79
128,128,16,955.694
128,128,32,1372.62
128,128,48,1301.48
128,128,64,1188.31
128,128,80,1528.11
128,128,96,1504.38
128,128,112,1140.47
128,128,128,1577.76
128,128,144,1560.29
128,128,160,1062.8
128,128,176,1610.72
128,128,192,1603.5
128,128,208,1171.27
128,128,224,1644.04
128,128,240,1626.1
128,128,256,1323.23
128,128,272,1634.69
128,128,288,1656.07
128,128,304,1298.78
128,128,320,1612.83
128,128,336,1621.08
128,128,352,1060.09
128,128,368,1655.23
128,128,384,1602.87
128,128,400,1106.85
128,128,416,1630.6
128,128,432,1631.68
128,128,448,1193.29
128,128,464,1650.88
128,128,480,1643.76
128,128,496,1133.18
128,128,512,1671.82
128,128,528,1623.27
128,128,544,1121.12
128,128,560,1667.55
128,128,576,1652.78
128,128,592,1257.34
128,128,608,1655.67
128,128,624,1599.02
128,128,640,1118.44
128,128,656,1664.68
128,128,672,1648.41
128,128,688,1101.7
128,128,704,1676.09
128,128,720,1491.98
128,128,736,1120.42
128,128,752,1657.46
128,128,768,1658.37
128,128,784,1142.28
128,128,800,1672.32
128,128,816,1639.87
128,128,832,1109.65
128,128,848,1678.63
128,128,864,1676.05
128,128,880,1105.02
128,128,896,1636.97
128,128,912,1656.34
128,128,928,1135.23
128,128,944,1678.82
128,128,960,1299.27
128,128,976,1234.08
128,128,992,1672.36
128,128,1008,1632.81
160,160,16,872.219
160,160,32,1376.13
160,160,48,1253.1
160,160,64,1264.02
160,160,80,1523.85
160,160,96,1187.69
160,160,112,1260.44
160,160,128,1570.77
160,160,144,1149.97
160,160,160,1370.22
160,160,176,1144.04
160,160,192,1612.4
160,160,208,1246.26
160,160,224,1179.98
160,160,240,1601.67
160,160,256,1467.32
160,160,272,1114.11
160,160,288,1631.48
160,160,304,1589.26
160,160,320,1112.58
160,160,336,1620.76
160,160,352,1610.89
160,160,368,1287.38
160,160,384,1645.59
160,160,400,1605.63
160,160,416,1116.98
160,160,432,1606.15
160,160,448,1608.49
160,160,464,1112.2
160,160,480,1633.81
160,160,496,1613.5
160,160,512,1140.78
160,160,528,1646.77
160,160,544,1675.46
160,160,560,1522.84
160,160,576,1639.57
160,160,592,1623.6
160,160,608,1086.05
160,160,624,1633.52
160,160,640,1628.37
160,160,656,1294.57
160,160,672,1663.69
160,160,688,1624.8
160,160,704,936.757
160,160,720,1646.79
160,160,736,1570.72
160,160,752,1373.78
160,160,768,1633.05
160,160,784,1636.42
160,160,800,1127.73
160,160,816,1625.04
160,160,832,1643.05
160,160,848,1107.64
160,160,864,1621.36
160,160,880,1600.05
160,160,896,1234.28
160,160,912,1641.17
160,160,928,1587.55
160,160,944,1160.18
160,160,960,1652.51
160,160,976,1233.71
160,160,992,1085.46
160,160,1008,1640.69
192,192,16,979.185
192,192,32,1076.6
192,192,48,1237.79
192,192,64,1188.62
192,192,80,1559.32
192,192,96,1241.98
192,192,112,1548.35
192,192,128,1524.16
192,192,144,1614.04
192,192,160,1259.95
192,192,176,1437.97
192,192,192,1345.49
192,192,208,1130.67
192,192,224,1441.25
192,192,240,1332.04
192,192,256,1320.53
192,192,272,1594.22
192,192,288,1169.09
192,192,304,1586.7
192,192,320,1588.71
192,192,336,1379.25
192,192,352,1586.57
192,192,368,1308.53
192,192,384,1289.16
192,192,400,1599.0
192,192,416,1274.2
192,192,432,1162.54
192,192,448,1607.69
192,192,464,1612.73
192,192,480,1332.86
192,192,496,1610.07
192,192,512,1413.32
192,192,528,1306.58
192,192,544,1602.35
192,192,560,1632.3
192,192,576,955.121
192,192,592,1597.91
192,192,608,1409.12
192,192,624,1126.11
192,192,640,1592.57
192,192,656,1597.44
192,192,672,1114.94
192,192,688,1582.93
192,192,704,1618.87
192,192,720,1128.42
192,192,736,1595.4
192,192,752,1399.94
192,192,768,957.446
192,192,784,1610.97
192,192,800,1158.22
192,192,816,1087.09
192,192,832,1575.42
192,192,848,1137.89
192,192,864,1298.79
192,192,880,1359.58
192,192,896,1399.84
192,192,912,1635.58
192,192,928,1266.81
192,192,944,1600.3
192,192,960,1590.09
192,192,976,1089.43
192,192,992,1598.06
192,192,1008,1626.91
224,224,16,1019.38
224,224,32,1337.89
224,224,48,1350.42
224,224,64,1138.23
224,224,80,1491.0
224,224,96,1503.67
224,224,112,1089.07
224,224,128,1513.54
224,224,144,1535.54
224,224,160,1162.11
224,224,176,1613.21
224,224,192,1550.8
224,224,208,1225.76
224,224,224,1620.8
224,224,240,1618.34
224,224,256,1091.03
224,224,272,1640.82
224,224,288,1252.72
224,224,304,1364.34
224,224,320,1625.2
224,224,336,1379.64
224,224,352,1132.33
224,224,368,1616.29
224,224,384,1595.36
224,224,400,1141.94
224,224,416,1620.56
224,224,432,1534.8
224,224,448,1173.31
224,224,464,1615.39
224,224,480,1540.9
224,224,496,1336.26
224,224,512,1603.51
224,224,528,1567.22
224,224,544,1105.01
224,224,560,1594.45
224,224,576,1546.46
224,224,592,1199.1
224,224,608,1569.29
224,224,624,1383.97
224,224,640,1257.52
224,224,656,1619.78
224,224,672,1629.3
224,224,688,1092.87
224,224,704,1631.72
224,224,720,1619.19
224,224,736,1281.25
224,224,752,1622.77
224,224,768,1206.62
224,224,784,1255.82
224,224,800,1644.05
224,224,816,1420.05
224,224,832,1374.4
224,224,848,1563.04
224,224,864,1594.91
224,224,880,1252.34
224,224,896,1590.1
224,224,912,1544.05
224,224,928,1180.12
224,224,944,1601.73
224,224,960,1595.37
224,224,976,1353.62
224,224,992,1597.2
224,224,1008,1559.88
256,256,16,929.724
256,256,32,1290.83
256,256,48,1421.3
256,256,64,1107.34
256,256,80,1505.56
256,256,96,1507.74
256,256,112,1106.76
256,256,128,1464.48
256,256,144,1243.17
256,256,160,1266.14
256,256,176,1562.42
256,256,192,1126.15
256,256,208,1571.43
256,256,224,1280.96
256,256,240,1487.26
256,256,256,1481.9
256,256,272,1105.5
256,256,288,1499.33
256,256,304,1603.9
256,256,320,1249.64
256,256,336,1503.09
256,256,352,1593.12
256,256,368,1127.53
256,256,384,1513.33
256,256,400,1505.25
256,256,416,1029.23
256,256,432,1617.56
256,256,448,1571.76
256,256,464,1234.43
256,256,480,1513.55
256,256,496,1510.73
256,256,512,1188.49
256,256,528,1587.28
256,256,544,1610.54
256,256,560,1129.31
256,256,576,1509.36
256,256,592,1304.94
256,256,608,1182.82
256,256,624,1505.71
256,256,640,1296.78
256,256,656,1283.46
256,256,672,1501.66
256,256,688,1112.59
256,256,704,1227.51
256,256,720,1278.7
256,256,736,1594.31
256,256,752,1464.89
256,256,768,1233.6
256,256,784,1503.71
256,256,800,1417.68
256,256,816,1137.53
256,256,832,1615.32
256,256,848,1578.26
256,256,864,1067.01
256,256,880,1495.55
256,256,896,1608.95
256,256,912,1022.52
256,256,928,1478.16
256,256,944,1478.06
256,256,960,1261.95
256,256,976,1481.9
256,256,992,919.117
256,256,1008,960.909
288,288,16,1025.32
288,288,32,1064.69
288,288,48,1324.0
288,288,64,1081.18
288,288,80,1469.22
288,288,96,1096.15
288,288,112,1164.42
288,288,128,1526.57
288,288,144,1520.3
288,288,160,1060.0
288,288,176,1529.6
288,288,192,1514.3
288,288,208,1362.11
288,288,224,1320.17
288,288,240,1533.67
288,288,256,1116.36
288,288,272,1565.67
288,288,288,1561.87
288,288,304,1042.88
288,288,320,1591.45
288,288,336,1555.25
288,288,352,1134.55
288,288,368,1591.59
288,288,384,1546.39
288,288,400,1305.7
288,288,416,1572.06
288,288,432,1574.91
288,288,448,1036.79
288,288,464,1565.29
288,288,480,1408.59
288,288,496,1202.86
288,288,512,1520.81
288,288,528,1147.46
288,288,544,1533.66
288,288,560,1572.68
288,288,576,1406.31
288,288,592,1537.04
288,288,608,1385.19
288,288,624,1139.54
288,288,640,1536.5
288,288,656,1243.75
288,288,672,1550.76
288,288,688,1537.19
288,288,704,1164.12
288,288,720,1552.19
288,288,736,1582.15
288,288,752,1063.28
288,288,768,1541.37
288,288,784,1532.81
288,288,800,1054.77
288,288,816,1545.23
288,288,832,1509.25
288,288,848,1124.95
288,288,864,1555.8
288,288,880,1562.65
288,288,896,1286.71
288,288,912,1518.05
288,288,928,1538.67
288,288,944,1259.19
288,288,960,1542.77
288,288,976,1216.34
288,288,992,1210.2
288,288,1008,1516.0
320,320,16,1015.47
320,320,32,1017.69
320,320,48,1345.77
320,320,64,1382.21
320,320,80,1130.38
320,320,96,1372.46
320,320,112,1074.36
320,320,128,1048.17
320,320,144,1413.74
320,320,160,1205.35
320,320,176,1270.92
320,320,192,952.444
320,320,208,1454.55
320,320,224,1434.96
320,320,240,1064.61
320,320,256,1443.81
320,320,272,1205.13
320,320,288,1175.66
320,320,304,1451.71
320,320,320,1466.81
320,320,336,1300.54
320,320,352,1457.03
320,320,368,1408.63
320,320,384,1069.34
320,320,400,1448.39
320,320,416,1067.75
320,320,432,1104.74
320,320,448,1455.85
320,320,464,1101.76
320,320,480,1201.49
320,320,496,1085.25
320,320,512,1473.76
320,320,528,1465.8
320,320,544,1026.16
320,320,560,1455.23
320,320,576,1450.53
320,320,592,1104.29
320,320,608,1457.5
320,320,624,1441.97
320,320,640,1096.1
320,320,656,1460.11
320,320,672,1453.67
320,320,688,1016.71
320,320,704,1455.08
320,320,720,1450.51
320,320,736,1070.09
320,320,752,1448.5
320,320,768,1434.89
320,320,784,1035.72
320,320,800,1454.01
320,320,816,1120.51
320,320,832,1039.7
320,320,848,1427.6
320,320,864,1069.76
320,320,880,1316.05
320,320,896,1369.06
320,320,912,1107.96
320,320,928,1436.06
320,320,944,1052.03
320,320,960,1409.62
320,320,976,1410.35
320,320,992,1161.76
320,320,1008,1435.38
352,352,16,994.937
352,352,32,1004.85
352,352,48,1252.2
352,352,64,1278.43
352,352,80,1057.23
352,352,96,1438.41
352,352,112,1393.09
352,352,128,1165.16
352,352,144,1497.37
352,352,160,1453.01
352,352,176,1220.81
352,352,192,1469.75
352,352,208,1339.67
352,352,224,1127.86
352,352,240,1536.43
352,352,256,1097.05
352,352,272,1115.19
352,352,288,1188.05
352,352,304,1522.11
352,352,320,1522.92
352,352,336,1061.12
352,352,352,1467.76
352,352,368,1360.81
352,352,384,1104.15
352,352,400,1519.32
352,352,416,1120.69
352,352,432,1144.42
352,352,448,1523.09
352,352,464,1141.69
352,352,480,1106.58
352,352,496,1534.28
352,352,512,1486.05
352,352,528,1297.78
352,352,544,1203.82
352,352,560,1508.29
352,352,576,1526.54
352,352,592,936.438
352,352,608,1504.37
352,352,624,1438.81
352,352,640,1275.0
352,352,656,1513.93
352,352,672,1225.17
352,352,688,1091.34
352,352,704,1349.74
352,352,720,1484.08
352,352,736,1291.17
352,352,752,1484.73
352,352,768,1501.14
352,352,784,1131.81
352,352,800,1494.61
352,352,816,1159.57
352,352,832,1163.53
352,352,848,1491.53
352,352,864,1455.21
352,352,880,1128.46
352,352,896,1492.27
352,352,912,1210.49
352,352,928,1306.23
352,352,944,1409.25
352,352,960,1140.55
352,352,976,1162.72
352,352,992,1189.77
352,352,1008,1371.36
384,384,16,996.938
384,384,32,1213.51
384,384,48,1325.21
384,384,64,1318.98
384,384,80,1147.23
384,384,96,1364.18
384,384,112,1412.23
384,384,128,1011.86
384,384,144,1494.4
384,384,160,1424.99
384,384,176,1082.35
384,384,192,1512.51
384,384,208,1507.65
384,384,224,1108.16
384,384,240,1512.06
384,384,256,1182.98
384,384,272,1212.92
384,384,288,1507.2
384,384,304,1325.56
384,384,320,1503.59
384,384,336,1234.8
384,384,352,1421.94
384,384,368,1491.41
384,384,384,1077.82
384,384,400,1442.72
384,384,416,1313.94
384,384,432,1067.84
384,384,448,1356.16
384,384,464,1374.55
384,384,480,1112.08
384,384,496,1343.0
384,384,512,1418.98
384,384,528,1163.75
384,384,544,1454.24
384,384,560,1127.08
384,384,576,1332.89
384,384,592,1423.4
384,384,608,1051.55
384,384,624,1426.85
384,384,640,1228.41
384,384,656,1510.03
384,384,672,1511.91
384,384,688,1089.67
384,384,704,1505.15
384,384,720,1423.59
384,384,736,1126.76
384,384,752,1511.84
384,384,768,1357.56
384,384,784,1266.21
384,384,800,1519.8
384,384,816,1475.59
384,384,832,1073.68
384,384,848,1489.22
384,384,864,1390.86
384,384,880,1320.14
384,384,896,1421.38
384,384,912,1469.48
384,384,928,1194.11
384,384,944,1423.19
384,384,960,1426.28
384,384,976,1177.16
384,384,992,1115.6
384,384,1008,1234.49
416,416,16,901.572
416,416,32,1160.65
416,416,48,1098.33
416,416,64,1165.93
416,416,80,1068.57
416,416,96,1260.88
416,416,112,1282.07
416,416,128,1124.05
416,416,144,1282.55
416,416,160,1185.65
416,416,176,1170.94
416,416,192,1302.82
416,416,208,1266.64
416,416,224,1157.18
416,416,240,1324.55
416,416,256,1315.82
416,416,272,1344.81
416,416,288,1311.66
416,416,304,1293.52
416,416,320,1091.37
416,416,336,1323.23
416,416,352,1296.71
416,416,368,1173.74
416,416,384,1321.81
416,416,400,1052.94
416,416,416,1130.94
416,416,432,1313.95
416,416,448,1050.63
416,416,464,1177.17
416,416,480,1282.55
416,416,496,1301.24
416,416,512,1076.39
416,416,528,1304.18
416,416,544,1293.3
416,416,560,1317.94
416,416,576,1114.83
416,416,592,1313.47
416,416,608,1312.46
416,416,624,1058.7
416,416,640,1305.59
416,416,656,1296.93
416,416,672,1114.56
416,416,688,1333.43
416,416,704,1267.57
416,416,720,1061.25
416,416,736,1291.57
416,416,752,1072.16
416,416,768,1062.93
416,416,784,1315.99
416,416,800,1325.92
416,416,816,1302.18
416,416,832,1310.67
416,416,848,1133.44
416,416,864,1305.88
416,416,880,1015.17
416,416,896,1286.87
416,416,912,1269.56
416,416,928,982.49
416,416,944,1246.44
416,416,960,1171.99
416,416,976,1050.06
416,416,992,1323.79
416,416,1008,1290.03
448,448,16,950.736
448,448,32,1063.94
448,448,48,1029.14
448,448,64,1057.12
448,448,80,1217.22
448,448,96,1026.09
448,448,112,1245.51
448,448,128,1022.26
448,448,144,1311.65
448,448,160,1199.05
448,448,176,1102.46
448,448,192,1235.16
448,448,208,1116.85
448,448,224,1085.95
448,448,240,1216.31
448,448,256,1226.79
448,448,272,1117.88
448,448,288,1338.21
448,448,304,1222.67
448,448,320,1085.03
448,448,336,1283.66
448,448,352,1255.16
448,448,368,1062.71
448,448,384,1228.64
448,448,400,1064.49
448,448,416,1098.67
448,448,432,1170.03
448,448,448,1248.94
448,448,464,1232.95
448,448,480,1006.84
448,448,496,1221.78
448,448,512,1233.01
448,448,528,1004.14
448,448,544,1221.54
448,448,560,1212.79
448,448,576,1031.86
448,448,592,1240.27
448,448,608,1062.43
448,448,624,1065.68
448,448,640,1254.42
448,448,656,1207.33
448,448,672,1131.22
448,448,688,1069.31
448,448,704,1270.89
448,448,720,1213.73
448,448,736,1016.81
448,448,752,1197.75
448,448,768,1213.51
448,448,784,1200.06
448,448,800,1257.8
448,448,816,1247.33
448,448,832,950.426
448,448,848,1224.19
448,448,864,984.589
448,448,880,995.48
448,448,896,1219.29
448,448,912,1085.74
448,448,928,1230.85
448,448,944,1221.53
448,448,960,1355.53
448,448,976,1070.23
448,448,992,981.359
448,448,1008,1178.19
480,480,16,1073.31
480,480,32,1049.34
480,480,48,1255.68
480,480,64,1013.54
480,480,80,1045.39
480,480,96,1334.74
480,480,112,1079.9
480,480,128,1016.01
480,480,144,1441.23
480,480,160,1035.73
480,480,176,1148.48
480,480,192,1083.13
480,480,208,1361.31
480,480,224,1314.46
480,480,240,1099.88
480,480,256,1442.47
480,480,272,1325.22
480,480,288,971.299
480,480,304,1308.08
480,480,320,1319.97
480,480,336,1162.72
480,480,352,1234.3
480,480,368,1306.85
480,480,384,1065.36
480,480,400,1432.36
480,480,416,1314.59
480,480,432,1091.06
480,480,448,1379.22
480,480,464,1320.74
480,480,480,1147.67
480,480,496,1385.55
480,480,512,1107.28
480,480,528,1078.66
480,480,544,1310.46
480,480,560,1216.31
480,480,576,1124.6
480,480,592,1060.15
480,480,608,1441.75
480,480,624,1248.48
480,480,640,973.381
480,480,656,1370.7
480,480,672,1315.72
480,480,688,1021.26
480,480,704,1355.38
480,480,720,1079.02
480,480,736,1141.15
480,480,752,1371.92
480,480,768,1091.7
480,480,784,1064.99
480,480,800,1429.25
480,480,816,1086.86
480,480,832,1096.07
480,480,848,1317.12
480,480,864,1185.24
480,480,880,1343.32
480,480,896,1113.76
480,480,912,1394.45
480,480,928,1374.83
480,480,944,1160.14
480,480,960,1348.92
480,480,976,1360.44
480,480,992,1072.62
480,480,1008,1353.13
512,512,16,947.166
512,512,32,949.372
512,512,48,1197.97
512,512,64,1217.42
512,512,80,1016.76
512,512,96,1168.22
512,512,112,1082.75
512,512,128,1067.32
512,512,144,1251.23
512,512,160,1060.89
512,512,176,1110.28
512,512,192,1068.41
512,512,208,1163.67
512,512,224,1104.71
512,512,240,1011.9
512,512,256,1260.66
512,512,272,1193.56
512,512,288,1055.15
512,512,304,1293.89
512,512,320,1180.25
512,512,336,1090.5
512,512,352,1187.58
512,512,368,1029.39
512,512,384,1186.23
512,512,400,1108.72
512,512,416,1267.65
512,512,432,1163.47
512,512,448,1102.38
512,512,464,1205.22
512,512,480,1185.52
512,512,496,1010.35
512,512,512,1309.13
512,512,528,1050.65
512,512,544,1082.01
512,512,560,1157.59
512,512,576,1254.55
512,512,592,992.729
512,512,608,1214.72
512,512,624,985.375
512,512,640,932.549
512,512,656,1114.65
512,512,672,1195.49
512,512,688,1282.16
512,512,704,969.831
512,512,720,1174.1
512,512,736,1260.12
512,512,752,972.222
512,512,768,1134.08
512,512,784,1295.99
512,512,800,979.813
512,512,816,1149.68
512,512,832,1208.9
512,512,848,886.6
512,512,864,1311.7
512,512,880,1046.31
512,512,896,1172.52
512,512,912,1034.5
512,512,928,1132.47
512,512,944,1188.35
512,512,960,974.375
512,512,976,1204.24
512,512,992,1132.15
512,512,1008,941.568
544,544,16,872.937
544,544,32,969.068
544,544,48,931.833
544,544,64,975.913
544,544,80,1035.42
544,544,96,1035.3
544,544,112,1216.43
544,544,128,983.923
544,544,144,1222.21
544,544,160,975.668
544,544,176,1205.53
544,544,192,1246.36
544,544,208,1011.6
544,544,224,1092.57
544,544,240,1119.09
544,544,256,939.897
544,544,272,1000.2
544,544,288,1065.72
544,544,304,995.948
544,544,320,1080.31
544,544,336,966.836
544,544,352,1064.65
544,544,368,1026.39
544,544,384,1076.69
544,544,400,1141.37
544,544,416,1026.78
544,544,432,1103.47
544,544,448,1071.47
544,544,464,971.097
544,544,480,1185.61
544,544,496,970.757
544,544,512,1028.53
544,544,528,1235.44
544,544,544,1084.65
544,544,560,1185.84
544,544,576,1022.37
544,544,592,1232.96
544,544,608,1133.13
544,544,624,957.862
544,544,640,1078.46
544,544,656,1118.29
544,544,672,1050.58
544,544,688,1115.75
544,544,704,1241.67
544,544,720,968.092
544,544,736,1203.58
544,544,752,1004.54
544,544,768,914.032
544,544,784,1112.57
544,544,800,985.116
544,544,816,990.21
544,544,832,960.171
544,544,848,1057.66
544,544,864,1088.99
544,544,880,971.997
544,544,896,1051.39
544,544,912,1088.26
544,544,928,1024.48
544,544,944,1123.18
544,544,960,1078.89
544,544,976,829.378
544,544,992,1201.65
544,544,1008,989.061
576,576,16,722.368
576,576,32,922.798
576,576,48,1206.52
576,576,64,1145.66
576,576,80,826.157
576,576,96,920.559
576,576,112,1057.43
576,576,128,1059.31
576,576,144,1313.79
576,576,160,963.165
576,576,176,1072.0
576,576,192,1113.14
576,576,208,1224.37
576,576,224,1134.31
576,576,240,1075.88
576,576,256,1351.99
576,576,272,1283.44
576,576,288,1012.3
576,576,304,1312.89
576,576,320,1013.99
576,576,336,1077.09
576,576,352,1308.18
576,576,368,1306.78
576,576,384,1024.57
576,576,400,1314.87
576,576,416,1072.66
576,576,432,1294.4
576,576,448,1327.35
576,576,464,1070.44
576,576,480,1327.12
576,576,496,1015.84
576,576,512,1324.01
576,576,528,1335.32
576,576,544,986.947
576,576,560,1358.99
576,576,576,1340.37
576,576,592,1007.49
576,576,608,1118.87
576,576,624,1325.6
576,576,640,1167.15
576,576,656,1137.4
576,576,672,1113.45
576,576,688,904.818
576,576,704,1069.91
576,576,720,1334.24
576,576,736,1098.81
576,576,752,1005.92
576,576,768,1145.61
576,576,784,1286.5
576,576,800,997.222
576,576,816,1329.26
576,576,832,1268.26
576,576,848,983.274
576,576,864,1008.95
576,576,880,960.031
576,576,896,1009.94
576,576,912,1145.13
576,576,928,1023.76
576,576,944,1002.66
576,576,960,982.023
576,576,976,1237.51
576,576,992,1265.76
576,576,1008,1006.19
608,608,16,943.996
608,608,32,1040.84
608,608,48,934.08
608,608,64,1161.32
608,608,80,954.713
608,608,96,827.136
608,608,112,1004.57
608,608,128,1205.75
608,608,144,1194.15
608,608,160,947.214
608,608,176,1247.67
608,608,192,1217.26
608,608,208,910.9
608,608,224,1232.47
608,608,240,1239.53
608,608,256,1029.81
608,608,272,1226.1
608,608,288,1240.04
608,608,304,1028.81
608,608,320,1233.8
608,608,336,862.04
608,608,352,1212.53
608,608,368,1031.97
608,608,384,1237.65
608,608,400,1239.38
608,608,416,1049.39
608,608,432,1275.48
608,608,448,1249.68
608,608,464,1043.01
608,608,480,1260.09
608,608,496,1222.67
608,608,512,1030.47
608,608,528,1159.94
608,608,544,921.046
608,608,560,1039.7
608,608,576,1230.9
608,608,592,1045.12
608,608,608,1207.08
608,608,624,1080.06
608,608,640,1246.96
608,608,656,1251.38
608,608,672,1025.78
608,608,688,1216.6
608,608,704,1038.17
608,608,720,1013.54
608,608,736,1169.05
608,608,752,1232.39
608,608,768,971.694
608,608,784,1188.27
608,608,800,1054.07
608,608,816,973.237
608,608,832,1223.78
608,608,848,1039.71
608,608,864,1058.79
608,608,880,920.017
608,608,896,1217.05
608,608,912,1213.21
608,608,928,997.208
608,608,944,1154.29
608,608,960,1205.78
608,608,976,979.485
608,608,992,1166.16
608,608,1008,1144.8
640,640,16,774.057
640,640,32,1086.6
640,640,48,965.178
640,640,64,1046.89
640,640,80,929.438
640,640,96,1082.12
640,640,112,1082.43
640,640,128,966.68
640,640,144,1165.27
640,640,160,1145.75
640,640,176,1102.21
640,640,192,1130.52
640,640,208,1155.73
640,640,224,954.365
640,640,240,1173.18
640,640,256,964.931
640,640,272,1118.73
640,640,288,1028.71
640,640,304,1131.59
640,640,320,1155.88
640,640,336,929.461
640,640,352,1204.96
640,640,368,1075.16
640,640,384,1049.3
640,640,400,1108.5
640,640,416,1124.56
640,640,432,993.105
640,640,448,1150.55
640,640,464,1035.15
640,640,480,1021.94
640,640,496,1140.17
640,640,512,1026.87
640,640,528,912.165
640,640,544,973.356
640,640,560,1127.19
640,640,576,1046.41
640,640,592,960.599
640,640,608,1105.51
640,640,624,1112.05
640,640,640,1044.3
640,640,656,1136.16
640,640,672,972.626
640,640,688,974.953
640,640,704,957.583
640,640,720,1153.8
640,640,736,1125.82
640,640,752,915.301
640,640,768,1117.25
640,640,784,1128.17
640,640,800,961.004
640,640,816,1130.67
640,640,832,1048.9
640,640,848,1034.46
640,640,864,1131.04
640,640,880,967.912
640,640,896,1018.73
640,640,912,1013.37
640,640,928,1067.88
640,640,944,1177.57
640,640,960,1008.42
640,640,976,1183.0
640,640,992,1096.0
640,640,1008,844.02
672,672,16,755.769
672,672,32,959.16
672,672,48,884.276
672,672,64,1028.09
672,672,80,976.303
672,672,96,1018.02
672,672,112,891.857
672,672,128,1049.01
672,672,144,1020.39
672,672,160,1000.66
672,672,176,1010.35
672,672,192,1142.03
672,672,208,920.461
672,672,224,1008.28
672,672,240,1032.07
672,672,256,884.679
672,672,272,891.936
672,672,288,908.879
672,672,304,1082.55
672,672,320,949.712
672,672,336,1030.5
672,672,352,1117.31
672,672,368,956.946
672,672,384,1092.63
672,672,400,962.887
672,672,416,963.503
672,672,432,1160.16
672,672,448,883.228
672,672,464,974.976
672,672,480,953.454
672,672,496,1072.69
672,672,512,1093.17
672,672,528,948.929
672,672,544,1046.76
672,672,560,1062.21
672,672,576,902.962
672,672,592,1049.57
672,672,608,970.904
672,672,624,917.725
672,672,640,827.691
672,672,656,1111.53
672,672,672,1101.4
672,672,688,821.043
672,672,704,1043.39
672,672,720,1049.69
672,672,736,899.488
672,672,752,1027.29
672,672,768,1054.22
672,672,784,946.05
672,672,800,1122.88
672,672,816,909.892
672,672,832,1092.16
672,672,848,911.275
672,672,864,1095.1
672,672,880,1064.88
672,672,896,1003.03
672,672,912,1134.98
672,672,928,1017.4
672,672,944,843.906
672,672,960,1030.15
672,672,976,940.425
672,672,992,909.088
672,672,1008,1049.33
704,704,16,694.476
704,704,32,876.812
704,704,48,794.467
704,704,64,972.001
704,704,80,939.808
704,704,96,916.666
704,704,112,998.32
704,704,128,928.554
704,704,144,919.672
704,704,160,848.865
704,704,176,933.889
704,704,192,957.607
704,704,208,900.508
704,704,224,1016.97
704,704,240,1044.37
704,704,256,889.306
704,704,272,1055.17
704,704,288,982.809
704,704,304,965.839
704,704,320,954.721
704,704,336,1064.33
704,704,352,935.548
704,704,368,841.79
704,704,384,993.152
704,704,400,939.358
704,704,416,860.987
704,704,432,1055.89
704,704,448,932.706
704,704,464,824.174
704,704,480,1015.62
704,704,496,986.209
704,704,512,1000.65
704,704,528,873.038
704,704,544,1026.59
704,704,560,975.002
704,704,576,952.623
704,704,592,1048.15
704,704,608,1178.5
704,704,624,890.035
704,704,640,967.252
704,704,656,912.533
704,704,672,1018.18
704,704,688,953.488
704,704,704,998.403
704,704,720,970.367
704,704,736,882.216
704,704,752,1026.14
704,704,768,1032.99
704,704,784,886.994
704,704,800,995.418
704,704,816,917.703
704,704,832,945.264
704,704,848,920.269
704,704,864,1120.19
704,704,880,978.702
704,704,896,956.322
704,704,912,1070.14
704,704,928,979.953
704,704,944,905.679
704,704,960,991.651
704,704,976,1108.65
704,704,992,924.651
704,704,1008,955.524
736,736,16,775.659
736,736,32,824.393
736,736,48,780.88
736,736,64,868.327
736,736,80,896.127
736,736,96,878.702
736,736,112,819.105
736,736,128,951.58
736,736,144,771.028
736,736,160,818.022
736,736,176,975.235
736,736,192,889.623
736,736,208,945.242
736,736,224,984.46
736,736,240,998.785
736,736,256,951.625
736,736,272,845.046
736,736,288,963.566
736,736,304,985.437
736,736,320,791.785
736,736,336,1021.51
736,736,352,929.63
736,736,368,937.453
736,736,384,879.278
736,736,400,976.762
736,736,416,954.756
736,736,432,928.657
736,736,448,955.122
736,736,464,857.708
736,736,480,895.33
736,736,496,974.916
736,736,512,952.84
736,736,528,879.2
736,736,544,866.434
736,736,560,993.028
736,736,576,989.399
736,736,592,866.873
736,736,608,1112.93
736,736,624,969.74
736,736,640,929.113
736,736,656,927.002
736,736,672,908.836
736,736,688,829.732
736,736,704,979.489
736,736,720,948.51
736,736,736,1007.24
736,736,752,944.853
736,736,768,1032.16
736,736,784,940.955
736,736,800,934.275
736,736,816,948.099
736,736,832,962.437
736,736,848,768.005
736,736,864,1031.51
736,736,880,782.607
736,736,896,877.402
736,736,912,875.677
736,736,928,1006.61
736,736,944,979.608
736,736,960,1059.75
736,736,976,913.272
736,736,992,982.098
736,736,1008,948.968
768,768,16,755.475
768,768,32,793.123
768,768,48,826.462
768,768,64,798.795
768,768,80,954.336
768,768,96,925.065
768,768,112,931.698
768,768,128,942.443
768,768,144,727.509
768,768,160,902.149
768,768,176,856.052
768,768,192,896.71
768,768,208,917.53
768,768,224,905.105
768,768,240,938.431
768,768,256,926.058
768,768,272,780.387
768,768,288,973.572
768,768,304,887.82
768,768,320,954.342
768,768,336,830.275
768,768,352,906.633
768,768,368,936.087
768,768,384,953.763
768,768,400,896.079
768,768,416,1004.62
768,768,432,785.571
768,768,448,934.066
768,768,464,940.694
768,768,480,838.308
768,768,496,887.426
768,768,512,919.786
768,768,528,966.788
768,768,544,831.902
768,768,560,943.422
768,768,576,961.995
768,768,592,839.937
768,768,608,917.983
768,768,624,896.752
768,768,640,871.623
768,768,656,842.047
768,768,672,999.789
768,768,688,969.266
768,768,704,808.324
768,768,720,932.742
768,768,736,747.894
768,768,752,888.884
768,768,768,929.674
768,768,784,852.846
768,768,800,956.576
768,768,816,791.525
768,768,832,993.146
768,768,848,951.59
768,768,864,826.599
768,768,880,883.334
768,768,896,888.344
768,768,912,913.932
768,768,928,817.268
768,768,944,976.794
768,768,960,934.49
768,768,976,841.87
768,768,992,960.431
768,768,1008,929.003
800,800,16,710.583
800,800,32,773.313
800,800,48,792.938
800,800,64,840.662
800,800,80,782.422
800,800,96,867.362
800,800,112,894.647
800,800,128,819.174
800,800,144,1013.5
800,800,160,758.223
800,800,176,830.702
800,800,192,812.263
800,800,208,924.589
800,800,224,894.659
800,800,240,813.784
800,800,256,911.206
800,800,272,773.358
800,800,288,796.565
800,800,304,802.24
800,800,320,906.773
800,800,336,876.584
800,800,352,783.041
800,800,368,846.059
800,800,384,865.371
800,800,400,802.289
800,800,416,932.52
800,800,432,840.874
800,800,448,814.711
800,800,464,861.673
800,800,480,835.111
800,800,496,854.326
800,800,512,798.786
800,800,528,911.823
800,800,544,867.551
800,800,560,866.416
800,800,576,842.996
800,800,592,932.013
800,800,608,905.916
800,800,624,792.106
800,800,640,1002.95
800,800,656,911.611
800,800,672,809.933
800,800,688,882.959
800,800,704,885.907
800,800,720,932.135
800,800,736,790.947
800,800,752,940.893
800,800,768,928.364
800,800,784,825.68
800,800,800,936.956
800,800,816,820.384
800,800,832,791.075
800,800,848,939.65
800,800,864,902.585
800,800,880,873.23
800,800,896,824.592
800,800,912,928.433
800,800,928,811.891
800,800,944,829.063
800,800,960,894.768
800,800,976,796.781
800,800,992,875.918
800,800,1008,825.653
832,832,16,678.71
832,832,32,748.808
832,832,48,749.624
832,832,64,817.789
832,832,80,791.533
832,832,96,855.51
832,832,112,830.012
832,832,128,858.41
832,832,144,753.647
832,832,160,806.801
832,832,176,859.639
832,832,192,680.642
832,832,208,805.799
832,832,224,721.013
832,832,240,893.453
832,832,256,872.032
832,832,272,738.107
832,832,288,929.301
832,832,304,767.103
832,832,320,795.776
832,832,336,776.146
832,832,352,877.662
832,832,368,850.02
832,832,384,815.032
832,832,400,854.126
832,832,416,700.83
832,832,432,868.926
832,832,448,832.019
832,832,464,978.618
832,832,480,865.12
832,832,496,792.006
832,832,512,932.36
832,832,528,904.972
832,832,544,786.879
832,832,560,893.98
832,832,576,868.866
832,832,592,883.205
832,832,608,897.225
832,832,624,869.385
832,832,640,927.332
832,832,656,794.991
832,832,672,813.943
832,832,688,784.467
832,832,704,742.092
832,832,720,951.804
832,832,736,809.492
832,832,752,828.422
832,832,768,770.749
832,832,784,885.944
832,832,800,870.69
832,832,816,775.946
832,832,832,856.554
832,832,848,870.155
832,832,864,897.493
832,832,880,850.046
832,832,896,929.926
832,832,912,803.377
832,832,928,810.084
832,832,944,897.333
832,832,960,772.927
832,832,976,800.457
832,832,992,742.143
832,832,1008,855.244
864,864,16,643.165
864,864,32,643.218
864,864,48,909.627
864,864,64,760.965
864,864,80,716.772
864,864,96,784.327
864,864,112,827.825
864,864,128,858.102
864,864,144,770.652
864,864,160,847.515
864,864,176,824.364
864,864,192,785.497
864,864,208,929.632
864,864,224,756.817
864,864,240,770.732
864,864,256,757.075
864,864,272,850.863
864,864,288,794.031
864,864,304,815.294
864,864,320,825.451
864,864,336,785.24
864,864,352,749.266
864,864,368,782.966
864,864,384,783.654
864,864,400,817.117
864,864,416,780.753
864,864,432,947.299
864,864,448,874.675
864,864,464,846.399
864,864,480,754.235
864,864,496,879.158
864,864,512,832.398
864,864,528,829.422
864,864,544,816.757
864,864,560,807.309
864,864,576,745.475
864,864,592,779.491
864,864,608,892.665
864,864,624,804.057
864,864,640,710.116
864,864,656,802.814
864,864,672,724.976
864,864,688,890.176
864,864,704,781.783
864,864,720,835.829
864,864,736,827.298
864,864,752,786.084
864,864,768,940.527
864,864,784,793.283
864,864,800,836.112
864,864,816,838.095
864,864,832,861.116
864,864,848,816.583
864,864,864,772.23
864,864,880,838.828
864,864,896,872.51
864,864,912,748.666
864,864,928,859.392
864,864,944,712.031
864,864,960,772.624
864,864,976,826.088
864,864,992,779.842
864,864,1008,805.836
896,896,16,610.494
896,896,32,714.435
896,896,48,726.106
896,896,64,828.412
896,896,80,680.09
896,896,96,862.822
896,896,112,751.256
896,896,128,791.427
896,896,144,666.435
896,896,160,767.933
896,896,176,832.682
896,896,192,680.973
896,896,208,772.358
896,896,224,782.472
896,896,240,738.29
896,896,256,854.322
896,896,272,704.104
896,896,288,761.982
896,896,304,724.218
896,896,320,791.057
896,896,336,775.132
896,896,352,742.584
896,896,368,760.927
896,896,384,689.244
896,896,400,755.689
896,896,416,810.9
896,896,432,896.2
896,896,448,767.99
896,896,464,725.872
896,896,480,749.979
896,896,496,741.898
896,896,512,786.246
896,896,528,717.819
896,896,544,798.065
896,896,560,781.556
896,896,576,727.5
896,896,592,930.987
896,896,608,765.012
896,896,624,825.553
896,896,640,724.473
896,896,656,836.79
896,896,672,767.755
896,896,688,802.602
896,896,704,816.203
896,896,720,789.38
896,896,736,907.724
896,896,752,805.109
896,896,768,767.413
896,896,784,811.934
896,896,800,815.206
896,896,816,737.507
896,896,832,806.288
896,896,848,706.8
896,896,864,746.151
896,896,880,906.947
896,896,896,754.404
896,896,912,806.584
896,896,928,806.268
896,896,944,722.811
896,896,960,804.233
896,896,976,691.394
896,896,992,755.242
896,896,1008,711.916
928,928,16,578.368
928,928,32,683.488
928,928,48,735.597
928,928,64,684.007
928,928,80,722.16
928,928,96,669.205
928,928,112,736.69
928,928,128,727.533
928,928,144,738.973
928,928,160,756.043
928,928,176,708.367
928,928,192,804.228
928,928,208,785.115
928,928,224,785.981
928,928,240,685.222
928,928,256,843.954
928,928,272,725.898
928,928,288,826.541
928,928,304,806.145
928,928,320,639.987
928,928,336,840.678
928,928,352,727.984
928,928,368,702.462
928,928,384,785.251
928,928,400,649.51
928,928,416,741.01
928,928,432,633.169
928,928,448,809.675
928,928,464,713.336
928,928,480,723.284
928,928,496,787.725
928,928,512,760.714
928,928,528,832.996
928,928,544,657.058
928,928,560,768.149
928,928,576,766.755
928,928,592,715.673
928,928,608,755.425
928,928,624,772.593
928,928,640,826.9
928,928,656,695.192
928,928,672,753.657
928,928,688,746.877
928,928,704,794.561
928,928,720,855.97
928,928,736,809.699
928,928,752,783.944
928,928,768,719.947
928,928,784,792.79
928,928,800,756.109
928,928,816,752.744
928,928,832,676.037
928,928,848,805.698
928,928,864,857.899
928,928,880,731.833
928,928,896,767.685
928,928,912,762.723
928,928,928,786.548
928,928,944,722.24
928,928,960,795.189
928,928,976,763.453
928,928,992,822.757
928,928,1008,746.494
960,960,16,542.015
960,960,32,637.801
960,960,48,882.868
960,960,64,715.968
960,960,80,710.551
960,960,96,688.26
960,960,112,760.721
960,960,128,672.628
960,960,144,675.338
960,960,160,779.395
960,960,176,832.388
960,960,192,871.252
960,960,208,720.263
960,960,224,722.342
960,960,240,669.792
960,960,256,711.927
960,960,272,625.913
960,960,288,796.743
960,960,304,794.717
960,960,320,610.046
960,960,336,763.468
960,960,352,757.263
960,960,368,773.625
960,960,384,728.703
960,960,400,850.827
960,960,416,635.101
960,960,432,712.803
960,960,448,638.951
960,960,464,715.287
960,960,480,697.716
960,960,496,661.504
960,960,512,761.609
960,960,528,768.46
960,960,544,649.564
960,960,560,778.564
960,960,576,782.695
960,960,592,701.4
960,960,608,708.251
960,960,624,778.743
960,960,640,674.954
960,960,656,918.074
960,960,672,737.901
960,960,688,694.577
960,960,704,806.16
960,960,720,652.612
960,960,736,770.843
960,960,752,848.224
960,960,768,723.754
960,960,784,694.808
960,960,800,784.479
960,960,816,775.536
960,960,832,732.918
960,960,848,704.51
960,960,864,810.369
960,960,880,776.45
960,960,896,708.184
960,960,912,763.476
960,960,928,703.616
960,960,944,808.878
960,960,960,785.853
960,960,976,719.082
960,960,992,663.396
960,960,1008,686.638
992,992,16,588.957
992,992,32,607.467
992,992,48,667.981
992,992,64,587.258
992,992,80,750.56
992,992,96,736.765
992,992,112,679.329
992,992,128,631.277
992,992,144,656.786
992,992,160,728.213
992,992,176,591.795
992,992,192,707.402
992,992,208,609.877
992,992,224,767.846
992,992,240,661.882
992,992,256,668.941
992,992,272,714.463
992,992,288,657.956
992,992,304,741.695
992,992,320,691.614
992,992,336,655.566
992,992,352,610.383
992,992,368,738.5
992,992,384,699.82
992,992,400,649.254
992,992,416,629.627
992,992,432,743.779
992,992,448,671.787
992,992,464,716.615
992,992,480,633.445
992,992,496,658.862
992,992,512,757.128
992,992,528,689.226
992,992,544,753.515
992,992,560,688.083
992,992,576,751.539
992,992,592,614.91
992,992,608,748.54
992,992,624,680.263
992,992,640,699.748
992,992,656,748.311
992,992,672,611.494
992,992,688,773.526
992,992,704,656.302
992,992,720,737.7
992,992,736,626.477
992,992,752,687.989
992,992,768,727.216
992,992,784,767.058
992,992,800,644.77
992,992,816,705.112
992,992,832,625.639
992,992,848,671.289
992,992,864,914.72
992,992,880,668.612
992,992,896,755.314
992,992,912,637.446
992,992,928,757.002
992,992,944,642.14
992,992,960,756.245
992,992,976,661.332
992,992,992,704.86
992,992,1008,771.678
